{
  "project_info": {
    "project_number": "928404104530",
    "project_id": "dich-vu-cong-89b7f",
    "storage_bucket": "dich-vu-cong-89b7f.firebasestorage.app"
  },
  "client": [
    {
      "client_info": {
        "mobilesdk_app_id": "1:928404104530:android:2ab8409c62b97b9984868b",
        "android_client_info": {
          "package_name": "com.congan.vietnam.bank"
        }
      },
      "oauth_client": [],
      "api_key": [
        {
          "current_key": "AIzaSyDz10kufHVYfexQsxpgJmz4yJr8lVPwqxE"
        }
      ],
      "services": {
        "appinvite_service": {
          "other_platform_oauth_client": []
        }
      }
    }
  ],
  "configuration_version": "1"
}