{
	//uview组件库
	"easycom": {
		"autoscan": true,
		"^u-(.*)": "@/node_modules/uview-ui/components/u-$1/u-$1.vue"
	},
	"globalStyle": {
		"navigationBarTextStyle": "black",
		"navigationBarTitleText": "PNC파이낸셜",
		"navigationBarBackgroundColor": "#F8F8F8",
		"backgroundColor": "#F8F8F8",
		// rpx 计算支持的最大设备宽度 单位px 默认值为960
		"rpxCalcMaxDeviceWidth": 960,
		// rpx计算使用的基本设备宽度，设备实际宽度超出rpx ，
		// 计算所支持的最大宽度时，将按基准宽度计算，单位px，默认值375
		"rpxCalcBaseDeviceWidth": 375,
		// rpx 计算特殊处理的值，始终按实际的设备宽度计算，单位rpx，默认值为750
		"rpxCalcIncludeWidth": 750
	},
	"tabBar": {
		"backgroundColor": "#FFFFFF",
		"selectedColor": "#0C42BC",
		"color": "#959595",
		"fontSize": "12px",
		"list": []
	},

	"pages": [{
			"path": "pages/signin/index",
			"style": {
				"enablePullDownRefresh": false,
				"navigationStyle": "custom"
			}
		},
		// {
		// 	"path": "pages/launch/index", // 自定义启动页
		// 	"style": {
		// 		"enablePullDownRefresh": false,
		// 		"navigationStyle": "custom"
		// 	}
		// },
		{
			"path": "pages/home/index",
			"style": {
				"enablePullDownRefresh": true,
				"navigationStyle": "custom"
			}
		},
		{
			"path": "pages/signup/index",
			"style": {
				"enablePullDownRefresh": false,
				"navigationStyle": "custom"
			}
		},
		{
			"path": "pages/service", // 客服
			"style": {
				"enablePullDownRefresh": false,
				"app-plus": {
					"navigationBarBackgroundColor": "#121212",
					"navigationBarTextStyle": "white"
				}
			}
		},
		{
			"path": "pages/settings/notify",
			"style": {
				"enablePullDownRefresh": true,
				"navigationStyle": "custom"
			}
		},
		{
			"path": "pages/settings/index",
			"style": {
				"enablePullDownRefresh": true,
				"navigationStyle": "custom"
			}
		}, {
			"path": "pages/settings/profile",
			"style": {
				"enablePullDownRefresh": true,
				"navigationStyle": "custom"
			}
		},  {
			"path": "pages/exchange/index", 
			"style": {
				"enablePullDownRefresh": true,
				"navigationStyle": "custom"
			}
		}, {
			"path": "pages/exchange/dhrecord", 
			"style": {
				"enablePullDownRefresh": true,
				"navigationStyle": "custom"
			}
		},{
			"path": "pages/settings/auth",
			"style": {
				"enablePullDownRefresh": true,
				"navigationStyle": "custom"
			}
		}, {
			"path": "pages/settings/bank",
			"style": {
				"enablePullDownRefresh": true,
				"navigationStyle": "custom"
			}
		}, {
			"path": "pages/settings/deposit",
			"style": {
				"enablePullDownRefresh": true,
				"navigationStyle": "custom"
			}
		}, {
			"path": "pages/settings/withdraw",
			"style": {
				"enablePullDownRefresh": true,
				"navigationStyle": "custom"
			}
		},{
			"path": "pages/trade/us/index",
			"style": {
				"enablePullDownRefresh": true,
				"navigationStyle": "custom"
			}
		},  {
			"path": "pages/settings/convert",
			"style": {
				"enablePullDownRefresh": true,
				"navigationStyle": "custom"
			}
		}, {
			"path": "pages/settings/loans",
			"style": {
				"enablePullDownRefresh": true,
				"navigationStyle": "custom"
			}
		}, {
			"path": "pages/settings/password",
			"style": {
				"enablePullDownRefresh": true,
				"navigationStyle": "custom"
			}
		}, {
			"path": "pages/settings/funds",
			"style": {
				"enablePullDownRefresh": true,
				"navigationStyle": "custom"
			}
		}, {
			"path": "pages/settings/about",
			"style": {
				"enablePullDownRefresh": true,
				"navigationStyle": "custom"
			}
		}, {
			"path": "pages/settings/terms",
			"style": {
				"enablePullDownRefresh": true,
				"navigationStyle": "custom"
			}
		},{
			"path": "pages/markets/quotes",
			"style": {
				"enablePullDownRefresh": true,
				"navigationStyle": "custom"
			}
		}, {
			"path": "pages/markets/index",
			"style": {
				"enablePullDownRefresh": true,
				"navigationStyle": "custom"
			}
		},
		{
			"path": "pages/markets/news", 
			"style": {
				"enablePullDownRefresh": true,
				"navigationStyle": "custom"
			}
		}, 
		 {
			"path": "pages/markets/search",
			"style": {
				"enablePullDownRefresh": true,
				"navigationStyle": "custom"
			}
		},
		{
			"path": "pages/position/index",
			"style": {
				"enablePullDownRefresh": true,
				"navigationStyle": "custom"
			}
		}, {
			"path": "pages/stock/index",
			"style": {
				"enablePullDownRefresh": true,
				"navigationStyle": "custom"
			}
		}, {
			"path": "pages/trade/ai/index",
			"style": {
				"enablePullDownRefresh": true,
				"navigationStyle": "custom"
			}
		}, {
			"path": "pages/trade/otc/index",
			"style": {
				"enablePullDownRefresh": true,
				"navigationStyle": "custom"
			}
		}, {
			"path": "pages/trade/ipo/index",
			"style": {
				"enablePullDownRefresh": true,
				"navigationStyle": "custom"
			}
		}, {
			"path": "pages/trade/scr/index",
			"style": {
				"enablePullDownRefresh": true,
				"navigationStyle": "custom"
			}
		},  {
			"path": "pages/contract/index",
			"style": {
				"enablePullDownRefresh": true,
				"navigationStyle": "custom"
			}
		},{
			"path": "pages/trade/ea/index",
			"style": {
				"enablePullDownRefresh": true,
				"navigationStyle": "custom"
			}
		}
	],

	"uniIdRouter": {},
	"condition": {
		//模式配置，仅开发期间生效
		"current": 0, //当前激活的模式(list 的索引项)
		"list": [{
			"name": "", //模式이름
			"path": "", //启动页面，必选
			"query": "" //启动参数，在页面的onLoad函数里面得到
		}]
	}
}